USE Project_monitering;

insert into Employee (EmployeeLastName, EmployeeFirstName, EmployeeHireDate, SocialSecurityNumber) values ('Franklyn', 'Hortense', '2018-03-21', '0011136979');
insert into Employee (EmployeeLastName, EmployeeFirstName, EmployeeHireDate, SocialSecurityNumber) values ('Raiman', 'Darwin', '2020-02-08', '1237483689');
insert into Employee (EmployeeLastName, EmployeeFirstName, EmployeeHireDate, SocialSecurityNumber) values ('Hanbury-Brown', 'Rozanna', '2018-01-22', '4341201905');
insert into Employee (EmployeeLastName, EmployeeFirstName, EmployeeHireDate, SocialSecurityNumber) values ('Lowdes', 'Maryjo', '2018-07-05', '6008010558');
insert into Employee (EmployeeLastName, EmployeeFirstName, EmployeeHireDate, SocialSecurityNumber) values ('Birth', 'Hattie', '2018-09-29', '4543422554');
insert into Employee (EmployeeLastName, EmployeeFirstName, EmployeeHireDate, SocialSecurityNumber) values ('Turneux', 'Mandi', '2019-03-18', '0716856387');
insert into Employee (EmployeeLastName, EmployeeFirstName, EmployeeHireDate, SocialSecurityNumber) values ('Stigger', 'Maxy', '2020-03-26', '7336880983');
insert into Employee (EmployeeLastName, EmployeeFirstName, EmployeeHireDate, SocialSecurityNumber) values ('Chettle', 'Delores', '2019-12-05', '0439865077');
insert into Employee (EmployeeLastName, EmployeeFirstName, EmployeeHireDate, SocialSecurityNumber) values ('Villaret', 'Valentin', '2019-02-05', '5813826149');
insert into Employee (EmployeeLastName, EmployeeFirstName, EmployeeHireDate, SocialSecurityNumber) values ('Cobley', 'Borg', '2018-10-31', '0641857470');
insert into Employee (EmployeeLastName, EmployeeFirstName, EmployeeHireDate, SocialSecurityNumber) values ('Parke', 'Barr', '2019-10-07', '3677581389');
insert into Employee (EmployeeLastName, EmployeeFirstName, EmployeeHireDate, SocialSecurityNumber) values ('Felderer', 'Laurette', '2020-09-07', '9602146605');
insert into Employee (EmployeeLastName, EmployeeFirstName, EmployeeHireDate, SocialSecurityNumber) values ('Azemar', 'Riley', '2018-11-29', '0453337783');
insert into Employee (EmployeeLastName, EmployeeFirstName, EmployeeHireDate, SocialSecurityNumber) values ('Richarz', 'Haley', '2020-01-29', '7621966262');
insert into Employee (EmployeeLastName, EmployeeFirstName, EmployeeHireDate, SocialSecurityNumber) values ('Gerard', 'Allene', '2018-03-31', '3120438308');
insert into Employee (EmployeeLastName, EmployeeFirstName, EmployeeHireDate, SocialSecurityNumber) values ('Callis', 'Dorine', '2018-08-01', '4245424354');
insert into Employee (EmployeeLastName, EmployeeFirstName, EmployeeHireDate, SocialSecurityNumber) values ('Tuttiett', 'Montgomery', '2020-01-25', '3114461948');
insert into Employee (EmployeeLastName, EmployeeFirstName, EmployeeHireDate, SocialSecurityNumber) values ('Izzat', 'Valery', '2018-02-15', '5177006166');
insert into Employee (EmployeeLastName, EmployeeFirstName, EmployeeHireDate, SocialSecurityNumber) values ('Marcussen', 'Alleyn', '2018-10-19', '1798156601');
insert into Employee (EmployeeLastName, EmployeeFirstName, EmployeeHireDate, SocialSecurityNumber) values ('Dovidian', 'Paige', '2018-01-05', '5577955270');
insert into Employee (EmployeeLastName, EmployeeFirstName, EmployeeHireDate, SocialSecurityNumber) values ('Mc Menamin', 'Lewiss', '2018-05-16', '8380649451');
insert into Employee (EmployeeLastName, EmployeeFirstName, EmployeeHireDate, SocialSecurityNumber) values ('Noakes', 'Lyda', '2018-03-08', '9906815892');
insert into Employee (EmployeeLastName, EmployeeFirstName, EmployeeHireDate, SocialSecurityNumber) values ('Grigg', 'Decca', '2020-03-06', '5092991755');
insert into Employee (EmployeeLastName, EmployeeFirstName, EmployeeHireDate, SocialSecurityNumber) values ('Jeduch', 'Neila', '2018-05-20', '8401238315');
insert into Employee (EmployeeLastName, EmployeeFirstName, EmployeeHireDate, SocialSecurityNumber) values ('Dungey', 'Lon', '2018-04-26', '6654325400');
insert into Employee (EmployeeLastName, EmployeeFirstName, EmployeeHireDate, SocialSecurityNumber) values ('Ghiraldi', 'Alayne', '2018-03-27', '3767300265');
insert into Employee (EmployeeLastName, EmployeeFirstName, EmployeeHireDate, SocialSecurityNumber) values ('Kennewell', 'Charmane', '2019-11-19', '6903642854');
insert into Employee (EmployeeLastName, EmployeeFirstName, EmployeeHireDate, SocialSecurityNumber) values ('Busse', 'Thor', '2019-07-16', '0424490056');
insert into Employee (EmployeeLastName, EmployeeFirstName, EmployeeHireDate, SocialSecurityNumber) values ('Boltwood', 'Maure', '2020-09-28', '2476552453');
insert into Employee (EmployeeLastName, EmployeeFirstName, EmployeeHireDate, SocialSecurityNumber) values ('McCarl', 'Jacky', '2020-11-15', '5347739045');
insert into Employee (EmployeeLastName, EmployeeFirstName, EmployeeHireDate, SocialSecurityNumber) values ('Brussels', 'Riley', '2019-04-12', '1360514287');
insert into Employee (EmployeeLastName, EmployeeFirstName, EmployeeHireDate, SocialSecurityNumber) values ('Blesli', 'Annis', '2020-02-14', '9280314742');
insert into Employee (EmployeeLastName, EmployeeFirstName, EmployeeHireDate, SocialSecurityNumber) values ('Bramwich', 'Karlene', '2019-11-26', '4285605805');
insert into Employee (EmployeeLastName, EmployeeFirstName, EmployeeHireDate, SocialSecurityNumber) values ('Shillaker', 'Verge', '2019-01-03', '4937362534');
insert into Employee (EmployeeLastName, EmployeeFirstName, EmployeeHireDate, SocialSecurityNumber) values ('Standingford', 'Idette', '2020-04-19', '8152547743');
insert into Employee (EmployeeLastName, EmployeeFirstName, EmployeeHireDate, SocialSecurityNumber) values ('Breitler', 'Baillie', '2017-12-30', '1148163611');
insert into Employee (EmployeeLastName, EmployeeFirstName, EmployeeHireDate, SocialSecurityNumber) values ('Caulkett', 'Von', '2020-09-25', '3188562241');
insert into Employee (EmployeeLastName, EmployeeFirstName, EmployeeHireDate, SocialSecurityNumber) values ('Glasscoe', 'Nananne', '2018-05-26', '3304063986');
insert into Employee (EmployeeLastName, EmployeeFirstName, EmployeeHireDate, SocialSecurityNumber) values ('Macallam', 'Arabela', '2020-07-25', '7239135225');
insert into Employee (EmployeeLastName, EmployeeFirstName, EmployeeHireDate, SocialSecurityNumber) values ('Fitchew', 'Maximilianus', '2019-10-30', '1910268542');
insert into Employee (EmployeeLastName, EmployeeFirstName, EmployeeHireDate, SocialSecurityNumber) values ('Edghinn', 'Shawna', '2018-06-18', '2765095043');
insert into Employee (EmployeeLastName, EmployeeFirstName, EmployeeHireDate, SocialSecurityNumber) values ('Morrison', 'Isabelle', '2020-10-16', '9943207930');
insert into Employee (EmployeeLastName, EmployeeFirstName, EmployeeHireDate, SocialSecurityNumber) values ('Ault', 'Renado', '2018-10-02', '5112384042');
insert into Employee (EmployeeLastName, EmployeeFirstName, EmployeeHireDate, SocialSecurityNumber) values ('Dingsdale', 'Berna', '2020-06-10', '4649026741');
insert into Employee (EmployeeLastName, EmployeeFirstName, EmployeeHireDate, SocialSecurityNumber) values ('MacLice', 'Win', '2018-02-18', '7333666441');
insert into Employee (EmployeeLastName, EmployeeFirstName, EmployeeHireDate, SocialSecurityNumber) values ('Tommis', 'Odette', '2018-07-11', '4698826756');
insert into Employee (EmployeeLastName, EmployeeFirstName, EmployeeHireDate, SocialSecurityNumber) values ('Cramp', 'Joseito', '2018-02-07', '9706294163');
insert into Employee (EmployeeLastName, EmployeeFirstName, EmployeeHireDate, SocialSecurityNumber) values ('Fryd', 'Layton', '2020-03-27', '2402623969');
insert into Employee (EmployeeLastName, EmployeeFirstName, EmployeeHireDate, SocialSecurityNumber) values ('Hotchkin', 'Bambie', '2018-06-27', '5787866916');
insert into Employee (EmployeeLastName, EmployeeFirstName, EmployeeHireDate, SocialSecurityNumber) values ('Casillis', 'Diarmid', '2019-10-08', '5941146523');

insert into Projects (ProjectID, ManagerID, ProjectName, ProjectStartDate, ProjectDescription, ProjectDetail, ProjectCompletedOn) values (5001, 5, 'Bitwolf', '2019-08-08', 'Cervical rib', 'Lap appendectomy', null);
insert into Projects (ProjectID, ManagerID, ProjectName, ProjectStartDate, ProjectDescription, ProjectDetail, ProjectCompletedOn) values (5002, 7, 'Sub-Ex', '2020-03-14', 'Episodic tension type headache', 'Repair vess w patch NOS', '2020-10-01');
insert into Projects (ProjectID, ManagerID, ProjectName, ProjectStartDate, ProjectDescription, ProjectDetail, ProjectCompletedOn) values (5003, 4, 'Duobam', '2020-01-28', 'Choroidal hemorrhage, unspecified', 'Suture vulvar laceration', '2020-08-22');
insert into Projects (ProjectID, ManagerID, ProjectName, ProjectStartDate, ProjectDescription, ProjectDetail, ProjectCompletedOn) values (5004, 9, 'Holdlamis', '2019-09-02', 'Unspecified vitamin D deficiency', 'Cyclocryotherapy', '2021-01-19');
insert into Projects (ProjectID, ManagerID, ProjectName, ProjectStartDate, ProjectDescription, ProjectDetail, ProjectCompletedOn) values (5005, 7, 'Zathin', '2019-07-02', 'Personal history of neurosis', 'Other tenodesis of hand', '2020-12-15');
insert into Projects (ProjectID, ManagerID, ProjectName, ProjectStartDate, ProjectDescription, ProjectDetail, ProjectCompletedOn) values (5006, 6, 'Holdlamis', '2019-06-30', 'Malignant neoplasm of connective and other soft tissue of upper limb, including shoulder', 'Adrenal reimplantation', null);
insert into Projects (ProjectID, ManagerID, ProjectName, ProjectStartDate, ProjectDescription, ProjectDetail, ProjectCompletedOn) values (5007, 9, 'Konklab', '2019-04-29', 'Unspecified follow-up examination', 'Pineal gland incision', '2020-07-03');
insert into Projects (ProjectID, ManagerID, ProjectName, ProjectStartDate, ProjectDescription, ProjectDetail, ProjectCompletedOn) values (5008, 8, 'Aerified', '2019-03-22', null, null, null);
insert into Projects (ProjectID, ManagerID, ProjectName, ProjectStartDate, ProjectDescription, ProjectDetail, ProjectCompletedOn) values (5009, 3, 'Zathin', '2020-03-22', 'Abnormalities of the hair', 'Blepharoptos repair NEC', '2021-01-27');
insert into Projects (ProjectID, ManagerID, ProjectName, ProjectStartDate, ProjectDescription, ProjectDetail, ProjectCompletedOn) values (5010, 9, 'Tres-Zap', '2019-03-08', 'Unspecified non-arthropod-borne viral diseases of central nervous system', 'Periph nerve incis NEC', null);
insert into Projects (ProjectID, ManagerID, ProjectName, ProjectStartDate, ProjectDescription, ProjectDetail, ProjectCompletedOn) values (5011, 6, 'Fintone', '2019-04-28', null, null, null);
insert into Projects (ProjectID, ManagerID, ProjectName, ProjectStartDate, ProjectDescription, ProjectDetail, ProjectCompletedOn) values (5012, 7, 'Job', '2019-10-26', 'Other specified arthropathy, ankle and foot', 'Otoscopy', null);
insert into Projects (ProjectID, ManagerID, ProjectName, ProjectStartDate, ProjectDescription, ProjectDetail, ProjectCompletedOn) values (5013, 7, 'Zathin', '2020-05-12', null, null, '2021-02-26');
insert into Projects (ProjectID, ManagerID, ProjectName, ProjectStartDate, ProjectDescription, ProjectDetail, ProjectCompletedOn) values (5014, 9, 'Sonsing', '2019-03-17', 'Mechanical ptosis', 'Exc correct bunionette', null);
insert into Projects (ProjectID, ManagerID, ProjectName, ProjectStartDate, ProjectDescription, ProjectDetail, ProjectCompletedOn) values (5015, 6, 'Pannier', '2019-06-21', null, null, '2021-08-24');
insert into Projects (ProjectID, ManagerID, ProjectName, ProjectStartDate, ProjectDescription, ProjectDetail, ProjectCompletedOn) values (5016, 7, 'Konklab', '2019-05-14', 'Atrial fibrillation', 'Refus oth cervcl ant/ant', '2021-08-10');
insert into Projects (ProjectID, ManagerID, ProjectName, ProjectStartDate, ProjectDescription, ProjectDetail, ProjectCompletedOn) values (5017, 3, 'Bamity', '2020-02-29', 'Blepharophimosis', 'Nasal dx proc NEC', '2020-08-12');
insert into Projects (ProjectID, ManagerID, ProjectName, ProjectStartDate, ProjectDescription, ProjectDetail, ProjectCompletedOn) values (5018, 10, 'Opela', '2020-04-09', 'Motor vehicle traffic accident involving re-entrant collision with another motor vehicle injuring pedestrian', 'Patellar stabilization', null);
insert into Projects (ProjectID, ManagerID, ProjectName, ProjectStartDate, ProjectDescription, ProjectDetail, ProjectCompletedOn) values (5019, 10, 'Lotlux', '2020-02-14', 'Flat anterior chamber of eye', 'Repair retina detach NEC', null);
insert into Projects (ProjectID, ManagerID, ProjectName, ProjectStartDate, ProjectDescription, ProjectDetail, ProjectCompletedOn) values (5020, 4, 'Mat Lam Tam', '2019-08-07', 'Other disorders of lactation, delivered, with or without mention of antepartum condition', 'Ventri shunt-circula sys', null);

insert into Project_Modules (ModuleID, ProjectID, EmployeeID, ProjectModulesDate, ProjectModulesCompletedOn, ProjectModulesDescription) values (73, 5012, 21, '2018-11-08', null, 'Destruction of Right Finger Phalanx, Open Approach');
insert into Project_Modules (ModuleID, ProjectID, EmployeeID, ProjectModulesDate, ProjectModulesCompletedOn, ProjectModulesDescription) values (74, 5003, 36, '2020-06-12', '2020-11-27', 'Alteration of Left Wrist Region with Synthetic Substitute, Percutaneous Approach');
insert into Project_Modules (ModuleID, ProjectID, EmployeeID, ProjectModulesDate, ProjectModulesCompletedOn, ProjectModulesDescription) values (75, 5020, 25, '2019-08-14', '2021-09-23', 'Insertion of Multiple Channel Cochlear Prosthesis into Right Inner Ear, Open Approach');
insert into Project_Modules (ModuleID, ProjectID, EmployeeID, ProjectModulesDate, ProjectModulesCompletedOn, ProjectModulesDescription) values (76, 5008, 33, '2019-03-09', '2020-11-15', 'Excision of Left Hand Vein, Percutaneous Endoscopic Approach');
insert into Project_Modules (ModuleID, ProjectID, EmployeeID, ProjectModulesDate, ProjectModulesCompletedOn, ProjectModulesDescription) values (77, 5013, 20, '2018-11-16', null, 'Fragmentation in Right Ureter, Via Natural or Artificial Opening Endoscopic');
insert into Project_Modules (ModuleID, ProjectID, EmployeeID, ProjectModulesDate, ProjectModulesCompletedOn, ProjectModulesDescription) values (78, 5020, 13, '2019-01-24', '2021-04-09', 'Bypass Cystic Duct to Small Intestine with Intraluminal Device, Open Approach');
insert into Project_Modules (ModuleID, ProjectID, EmployeeID, ProjectModulesDate, ProjectModulesCompletedOn, ProjectModulesDescription) values (79, 5018, 14, '2020-02-16', '2021-05-02', 'Bypass Right Femoral Artery to Peroneal Artery, Open Approach');
insert into Project_Modules (ModuleID, ProjectID, EmployeeID, ProjectModulesDate, ProjectModulesCompletedOn, ProjectModulesDescription) values (80, 5012, 31, '2020-05-18', '2020-06-24', 'Fusion of Thoracic Vertebral Joint with Nonautologous Tissue Substitute, Anterior Approach, Anterior Column, Percutaneous Endoscopic Approach');
insert into Project_Modules (ModuleID, ProjectID, EmployeeID, ProjectModulesDate, ProjectModulesCompletedOn, ProjectModulesDescription) values (81, 5018, 12, '2019-03-02', null, 'Introduction of Nonautologous Pancreatic Islet Cells into Biliary and Pancreatic Tract, Via Natural or Artificial Opening Endoscopic');
insert into Project_Modules (ModuleID, ProjectID, EmployeeID, ProjectModulesDate, ProjectModulesCompletedOn, ProjectModulesDescription) values (82, 5002, 36, '2020-01-09', null, 'Bypass Cecum to Cecum with Nonautologous Tissue Substitute, Percutaneous Endoscopic Approach');
insert into Project_Modules (ModuleID, ProjectID, EmployeeID, ProjectModulesDate, ProjectModulesCompletedOn, ProjectModulesDescription) values (83, 5011, 30, '2019-08-18', null, 'Bypass Ileum to Cecum, Via Natural or Artificial Opening Endoscopic');
insert into Project_Modules (ModuleID, ProjectID, EmployeeID, ProjectModulesDate, ProjectModulesCompletedOn, ProjectModulesDescription) values (84, 5011, 42, '2019-12-21', '2021-11-12', 'Excision of Appendix, Via Natural or Artificial Opening Endoscopic, Diagnostic');
insert into Project_Modules (ModuleID, ProjectID, EmployeeID, ProjectModulesDate, ProjectModulesCompletedOn, ProjectModulesDescription) values (85, 5003, 29, '2019-07-14', null, 'Bypass Coronary Artery, Four or More Arteries from Abdominal Artery with Nonautologous Tissue Substitute, Open Approach');
insert into Project_Modules (ModuleID, ProjectID, EmployeeID, ProjectModulesDate, ProjectModulesCompletedOn, ProjectModulesDescription) values (86, 5012, 22, '2020-02-25', null, 'Drainage of Right Palatine Bone, Percutaneous Endoscopic Approach');
insert into Project_Modules (ModuleID, ProjectID, EmployeeID, ProjectModulesDate, ProjectModulesCompletedOn, ProjectModulesDescription) values (87, 5014, 40, '2020-06-16', '2021-01-04', 'Excision of Right Pleura, Percutaneous Endoscopic Approach');
insert into Project_Modules (ModuleID, ProjectID, EmployeeID, ProjectModulesDate, ProjectModulesCompletedOn, ProjectModulesDescription) values (88, 5004, 38, '2019-08-24', '2020-06-11', 'Destruction of Nasopharynx, Open Approach');
insert into Project_Modules (ModuleID, ProjectID, EmployeeID, ProjectModulesDate, ProjectModulesCompletedOn, ProjectModulesDescription) values (89, 5017, 30, '2019-05-25', '2020-10-07', 'Excision of Right Metatarsal-Phalangeal Joint, Open Approach, Diagnostic');
insert into Project_Modules (ModuleID, ProjectID, EmployeeID, ProjectModulesDate, ProjectModulesCompletedOn, ProjectModulesDescription) values (90, 5004, 24, '2018-11-18', '2021-11-03', 'Release Right Auditory Ossicle, Open Approach');
insert into Project_Modules (ModuleID, ProjectID, EmployeeID, ProjectModulesDate, ProjectModulesCompletedOn, ProjectModulesDescription) values (91, 5001, 19, '2020-03-02', null, 'Extirpation of Matter from Thymus, Percutaneous Endoscopic Approach');
insert into Project_Modules (ModuleID, ProjectID, EmployeeID, ProjectModulesDate, ProjectModulesCompletedOn, ProjectModulesDescription) values (92, 5018, 19, '2019-01-02', null, 'Reposition Left Brachial Vein, Percutaneous Approach');
insert into Project_Modules (ModuleID, ProjectID, EmployeeID, ProjectModulesDate, ProjectModulesCompletedOn, ProjectModulesDescription) values (93, 5016, 47, '2020-07-16', '2020-12-22', 'Transfer Left Hip Muscle with Subcutaneous Tissue, Open Approach');
insert into Project_Modules (ModuleID, ProjectID, EmployeeID, ProjectModulesDate, ProjectModulesCompletedOn, ProjectModulesDescription) values (94, 5010, 12, '2019-03-16', '2020-05-18', 'Magnetic Resonance Imaging (MRI) of Bilateral Temporomandibular Joints using Other Contrast');
insert into Project_Modules (ModuleID, ProjectID, EmployeeID, ProjectModulesDate, ProjectModulesCompletedOn, ProjectModulesDescription) values (95, 5019, 29, '2020-06-03', '2021-10-24', 'Stereotactic Gamma Beam Radiosurgery of Bronchus');
insert into Project_Modules (ModuleID, ProjectID, EmployeeID, ProjectModulesDate, ProjectModulesCompletedOn, ProjectModulesDescription) values (96, 5007, 50, '2019-05-12', null, 'Static Orthosis Device Fitting using Assistive, Adaptive, Supportive or Protective Equipment');
insert into Project_Modules (ModuleID, ProjectID, EmployeeID, ProjectModulesDate, ProjectModulesCompletedOn, ProjectModulesDescription) values (97, 5004, 50, '2020-02-28', null, 'Excision of Esophagogastric Junction, Via Natural or Artificial Opening Endoscopic, Diagnostic');
insert into Project_Modules (ModuleID, ProjectID, EmployeeID, ProjectModulesDate, ProjectModulesCompletedOn, ProjectModulesDescription) values (98, 5015, 36, '2020-04-15', '2021-01-31', 'Revision of Stimulator Generator in Trunk Subcutaneous Tissue and Fascia, Percutaneous Approach');
insert into Project_Modules (ModuleID, ProjectID, EmployeeID, ProjectModulesDate, ProjectModulesCompletedOn, ProjectModulesDescription) values (99, 5006, 18, '2019-03-14', null, 'Excision of Esophagus, Via Natural or Artificial Opening Endoscopic, Diagnostic');
insert into Project_Modules (ModuleID, ProjectID, EmployeeID, ProjectModulesDate, ProjectModulesCompletedOn, ProjectModulesDescription) values (100, 5001, 35, '2019-07-18', '2020-07-24', 'Excision of Common Bile Duct, Via Natural or Artificial Opening Endoscopic');

insert into Work_Done (WorkDoneID, EmployeeID, ModuleID, WorkDoneDate, WorkDoneDescription, WorkDoneStatus) values (1, 45, 76, '2019-08-19', 'Bypass Left Ulnar Artery to Left Lower Arm Artery with Synthetic Substitute, Open Approach', 0);
insert into Work_Done (WorkDoneID, EmployeeID, ModuleID, WorkDoneDate, WorkDoneDescription, WorkDoneStatus) values (2, 22, 76, '2018-11-07', 'Resection of Right Carpal Joint, Open Approach', 1);
insert into Work_Done (WorkDoneID, EmployeeID, ModuleID, WorkDoneDate, WorkDoneDescription, WorkDoneStatus) values (3, 42, 91, '2020-06-25', 'Insertion of Defibrillator Lead into Coronary Vein, Open Approach', 0);
insert into Work_Done (WorkDoneID, EmployeeID, ModuleID, WorkDoneDate, WorkDoneDescription, WorkDoneStatus) values (4, 31, 79, '2019-12-02', 'Extirpation of Matter from Left Orbit, Percutaneous Endoscopic Approach', 1);
insert into Work_Done (WorkDoneID, EmployeeID, ModuleID, WorkDoneDate, WorkDoneDescription, WorkDoneStatus) values (5, 44, 100, '2019-07-04', 'Reattachment of Bilateral Testes, Open Approach', 0);
insert into Work_Done (WorkDoneID, EmployeeID, ModuleID, WorkDoneDate, WorkDoneDescription, WorkDoneStatus) values (6, 14, 99, '2018-11-29', 'Restriction of Left Internal Carotid Artery, Percutaneous Approach', 0);
insert into Work_Done (WorkDoneID, EmployeeID, ModuleID, WorkDoneDate, WorkDoneDescription, WorkDoneStatus) values (7, 26, 84, '2020-06-29', 'Replacement of Right Foot Skin with Synthetic Substitute, Partial Thickness, External Approach', 0);
insert into Work_Done (WorkDoneID, EmployeeID, ModuleID, WorkDoneDate, WorkDoneDescription, WorkDoneStatus) values (8, 16, 73, '2020-04-23', 'Bypass Right Internal Iliac Artery to Left Femoral Artery with Nonautologous Tissue Substitute, Open Approach', 0);
insert into Work_Done (WorkDoneID, EmployeeID, ModuleID, WorkDoneDate, WorkDoneDescription, WorkDoneStatus) values (9, 18, 86, '2020-04-09', 'Destruction of Left Abdomen Muscle, Percutaneous Approach', 1);
insert into Work_Done (WorkDoneID, EmployeeID, ModuleID, WorkDoneDate, WorkDoneDescription, WorkDoneStatus) values (10, 31, 92, '2019-01-09', 'Dilation of Accessory Pancreatic Duct, Via Natural or Artificial Opening Endoscopic', 0);
insert into Work_Done (WorkDoneID, EmployeeID, ModuleID, WorkDoneDate, WorkDoneDescription, WorkDoneStatus) values (11, 19, 88, '2018-11-19', 'Insertion of Intramedullary Internal Fixation Device into Left Tibia, Percutaneous Approach', 1);
insert into Work_Done (WorkDoneID, EmployeeID, ModuleID, WorkDoneDate, WorkDoneDescription, WorkDoneStatus) values (12, 11, 77, '2019-03-14', 'Transfer Left Hand Subcutaneous Tissue and Fascia with Skin, Subcutaneous Tissue and Fascia, Percutaneous Approach', 0);
insert into Work_Done (WorkDoneID, EmployeeID, ModuleID, WorkDoneDate, WorkDoneDescription, WorkDoneStatus) values (13, 19, 90, '2019-10-21', 'Repair Right Lower Leg, External Approach', 1);
insert into Work_Done (WorkDoneID, EmployeeID, ModuleID, WorkDoneDate, WorkDoneDescription, WorkDoneStatus) values (14, 18, 76, '2019-05-27', 'Destruction of Anus, External Approach', 0);
insert into Work_Done (WorkDoneID, EmployeeID, ModuleID, WorkDoneDate, WorkDoneDescription, WorkDoneStatus) values (15, 33, 87, '2020-05-13', 'Supplement Left Hip Bursa and Ligament with Autologous Tissue Substitute, Open Approach', 1);
insert into Work_Done (WorkDoneID, EmployeeID, ModuleID, WorkDoneDate, WorkDoneDescription, WorkDoneStatus) values (16, 41, 80, '2019-03-07', 'Insertion of Biventricular External Heart Assist System into Heart, Percutaneous Approach', 1);
insert into Work_Done (WorkDoneID, EmployeeID, ModuleID, WorkDoneDate, WorkDoneDescription, WorkDoneStatus) values (17, 26, 78, '2019-04-13', 'Bypass Coronary Artery, One Artery from Right Internal Mammary with Nonautologous Tissue Substitute, Open Approach', 1);
insert into Work_Done (WorkDoneID, EmployeeID, ModuleID, WorkDoneDate, WorkDoneDescription, WorkDoneStatus) values (18, 39, 84, '2018-12-31', 'Drainage of Left Upper Extremity, Percutaneous Endoscopic Approach', 0);
insert into Work_Done (WorkDoneID, EmployeeID, ModuleID, WorkDoneDate, WorkDoneDescription, WorkDoneStatus) values (19, 27, 85, '2020-06-26', 'Restriction of Thorax Lymphatic with Intraluminal Device, Percutaneous Endoscopic Approach', 1);
insert into Work_Done (WorkDoneID, EmployeeID, ModuleID, WorkDoneDate, WorkDoneDescription, WorkDoneStatus) values (20, 46, 80, '2020-04-27', 'Insertion of External Fixation Device into Left Mandible, Open Approach', 0);
insert into Work_Done (WorkDoneID, EmployeeID, ModuleID, WorkDoneDate, WorkDoneDescription, WorkDoneStatus) values (21, 50, 82, '2020-06-25', 'Inspection of Liver, External Approach', 1);
insert into Work_Done (WorkDoneID, EmployeeID, ModuleID, WorkDoneDate, WorkDoneDescription, WorkDoneStatus) values (22, 20, 95, '2019-08-04', 'Drainage of Left Patella with Drainage Device, Percutaneous Endoscopic Approach', 0);
insert into Work_Done (WorkDoneID, EmployeeID, ModuleID, WorkDoneDate, WorkDoneDescription, WorkDoneStatus) values (23, 29, 76, '2019-06-04', 'Repair Anal Sphincter, Open Approach', 1);
insert into Work_Done (WorkDoneID, EmployeeID, ModuleID, WorkDoneDate, WorkDoneDescription, WorkDoneStatus) values (24, 19, 80, '2019-04-21', 'Removal of Autologous Tissue Substitute from Left Finger Phalangeal Joint, Percutaneous Endoscopic Approach', 0);
insert into Work_Done (WorkDoneID, EmployeeID, ModuleID, WorkDoneDate, WorkDoneDescription, WorkDoneStatus) values (25, 22, 74, '2019-02-17', 'Drainage of Left Sphenoid Sinus with Drainage Device, Percutaneous Endoscopic Approach', 1);
insert into Work_Done (WorkDoneID, EmployeeID, ModuleID, WorkDoneDate, WorkDoneDescription, WorkDoneStatus) values (26, 42, 84, '2020-06-22', 'Drainage of Left Patella, Percutaneous Endoscopic Approach, Diagnostic', 0);
insert into Work_Done (WorkDoneID, EmployeeID, ModuleID, WorkDoneDate, WorkDoneDescription, WorkDoneStatus) values (27, 48, 82, '2019-07-19', 'Destruction of Right Axillary Lymphatic, Percutaneous Endoscopic Approach', 1);
insert into Work_Done (WorkDoneID, EmployeeID, ModuleID, WorkDoneDate, WorkDoneDescription, WorkDoneStatus) values (28, 27, 76, '2019-01-04', 'Removal of Autologous Tissue Substitute from Right Ulna, Percutaneous Approach', 1);
insert into Work_Done (WorkDoneID, EmployeeID, ModuleID, WorkDoneDate, WorkDoneDescription, WorkDoneStatus) values (29, 45, 74, '2020-07-08', 'Excision of Left Femoral Vein, Percutaneous Approach, Diagnostic', 0);
insert into Work_Done (WorkDoneID, EmployeeID, ModuleID, WorkDoneDate, WorkDoneDescription, WorkDoneStatus) values (30, 46, 77, '2018-12-04', 'Release Urethra, Open Approach', 1);
insert into Work_Done (WorkDoneID, EmployeeID, ModuleID, WorkDoneDate, WorkDoneDescription, WorkDoneStatus) values (31, 36, 75, '2019-09-21', 'Release Right Breast, Via Natural or Artificial Opening', 1);
insert into Work_Done (WorkDoneID, EmployeeID, ModuleID, WorkDoneDate, WorkDoneDescription, WorkDoneStatus) values (32, 15, 92, '2019-08-08', 'Computerized Tomography (CT Scan) of Left Hand using Low Osmolar Contrast', 1);
insert into Work_Done (WorkDoneID, EmployeeID, ModuleID, WorkDoneDate, WorkDoneDescription, WorkDoneStatus) values (33, 11, 77, '2019-11-05', 'Repair Left Upper Extremity, Open Approach', 1);
insert into Work_Done (WorkDoneID, EmployeeID, ModuleID, WorkDoneDate, WorkDoneDescription, WorkDoneStatus) values (34, 35, 97, '2019-09-05', 'Revision of Infusion Device in Lower Artery, Percutaneous Endoscopic Approach', 0);
insert into Work_Done (WorkDoneID, EmployeeID, ModuleID, WorkDoneDate, WorkDoneDescription, WorkDoneStatus) values (35, 14, 77, '2019-03-27', 'Excision of Right Inferior Parathyroid Gland, Percutaneous Approach', 1);
insert into Work_Done (WorkDoneID, EmployeeID, ModuleID, WorkDoneDate, WorkDoneDescription, WorkDoneStatus) values (36, 47, 81, '2020-05-12', 'Change Brace on Left Toe', 0);
insert into Work_Done (WorkDoneID, EmployeeID, ModuleID, WorkDoneDate, WorkDoneDescription, WorkDoneStatus) values (37, 22, 87, '2020-03-31', 'Insertion of Intraluminal Device into Left Posterior Tibial Artery, Percutaneous Approach', 1);
insert into Work_Done (WorkDoneID, EmployeeID, ModuleID, WorkDoneDate, WorkDoneDescription, WorkDoneStatus) values (38, 19, 97, '2020-05-10', 'Supplement Right Upper Eyelid with Autologous Tissue Substitute, Percutaneous Approach', 1);
insert into Work_Done (WorkDoneID, EmployeeID, ModuleID, WorkDoneDate, WorkDoneDescription, WorkDoneStatus) values (39, 35, 97, '2020-05-11', 'Irrigation of Spinal Canal using Irrigating Substance, Percutaneous Approach', 1);
insert into Work_Done (WorkDoneID, EmployeeID, ModuleID, WorkDoneDate, WorkDoneDescription, WorkDoneStatus) values (40, 29, 73, '2019-02-24', 'Bypass Transverse Colon to Cutaneous with Nonautologous Tissue Substitute, Open Approach', 0);
insert into Work_Done (WorkDoneID, EmployeeID, ModuleID, WorkDoneDate, WorkDoneDescription, WorkDoneStatus) values (41, 38, 90, '2019-10-15', 'Bypass Ileum to Sigmoid Colon with Autologous Tissue Substitute, Open Approach', 0);
insert into Work_Done (WorkDoneID, EmployeeID, ModuleID, WorkDoneDate, WorkDoneDescription, WorkDoneStatus) values (42, 25, 99, '2018-11-03', 'Computerized Tomography (CT Scan) of Left Patella using High Osmolar Contrast', 1);
insert into Work_Done (WorkDoneID, EmployeeID, ModuleID, WorkDoneDate, WorkDoneDescription, WorkDoneStatus) values (43, 33, 79, '2020-05-12', 'Bypass Upper Esophagus to Jejunum with Autologous Tissue Substitute, Via Natural or Artificial Opening Endoscopic', 0);
insert into Work_Done (WorkDoneID, EmployeeID, ModuleID, WorkDoneDate, WorkDoneDescription, WorkDoneStatus) values (44, 16, 100, '2019-04-30', 'Extirpation of Matter from Left Posterior Tibial Artery, Percutaneous Approach', 0);
insert into Work_Done (WorkDoneID, EmployeeID, ModuleID, WorkDoneDate, WorkDoneDescription, WorkDoneStatus) values (45, 37, 79, '2020-02-06', 'Insertion of Infusion Pump into Back Subcutaneous Tissue and Fascia, Open Approach', 0);
insert into Work_Done (WorkDoneID, EmployeeID, ModuleID, WorkDoneDate, WorkDoneDescription, WorkDoneStatus) values (46, 47, 96, '2019-12-12', 'Replacement of Left Metatarsal with Autologous Tissue Substitute, Open Approach', 1);
insert into Work_Done (WorkDoneID, EmployeeID, ModuleID, WorkDoneDate, WorkDoneDescription, WorkDoneStatus) values (47, 45, 82, '2020-07-18', 'Ultrasonography of Bilateral Lower Extremity Veins, Intravascular', 1);
insert into Work_Done (WorkDoneID, EmployeeID, ModuleID, WorkDoneDate, WorkDoneDescription, WorkDoneStatus) values (48, 37, 77, '2019-03-30', 'Male Reproductive System, Destruction', 0);
insert into Work_Done (WorkDoneID, EmployeeID, ModuleID, WorkDoneDate, WorkDoneDescription, WorkDoneStatus) values (49, 47, 94, '2020-01-19', 'Release Left Spermatic Cord, Percutaneous Approach', 0);
insert into Work_Done (WorkDoneID, EmployeeID, ModuleID, WorkDoneDate, WorkDoneDescription, WorkDoneStatus) values (50, 18, 87, '2019-09-21', 'Replacement of Right Foot Artery with Autologous Tissue Substitute, Percutaneous Endoscopic Approach', 1);
insert into Work_Done (WorkDoneID, EmployeeID, ModuleID, WorkDoneDate, WorkDoneDescription, WorkDoneStatus) values (51, 40, 74, '2018-10-26', 'Replacement of Left Lens with Synthetic Substitute, Percutaneous Approach', 1);
insert into Work_Done (WorkDoneID, EmployeeID, ModuleID, WorkDoneDate, WorkDoneDescription, WorkDoneStatus) values (52, 50, 81, '2020-04-25', 'Repair Esophagus, Open Approach', 0);
insert into Work_Done (WorkDoneID, EmployeeID, ModuleID, WorkDoneDate, WorkDoneDescription, WorkDoneStatus) values (53, 23, 82, '2020-07-11', 'Dilation of Right Lacrimal Duct, Percutaneous Approach', 0);
insert into Work_Done (WorkDoneID, EmployeeID, ModuleID, WorkDoneDate, WorkDoneDescription, WorkDoneStatus) values (54, 32, 75, '2019-07-08', 'Reattachment of Right Abdomen Bursa and Ligament, Open Approach', 0);
insert into Work_Done (WorkDoneID, EmployeeID, ModuleID, WorkDoneDate, WorkDoneDescription, WorkDoneStatus) values (55, 24, 94, '2019-11-20', 'Dilation of Left Peroneal Artery, Bifurcation, with Drug-eluting Intraluminal Device, Percutaneous Endoscopic Approach', 0);
insert into Work_Done (WorkDoneID, EmployeeID, ModuleID, WorkDoneDate, WorkDoneDescription, WorkDoneStatus) values (56, 24, 87, '2019-10-03', 'Ultrasonography of Prostate and Seminal Vesicles', 1);
insert into Work_Done (WorkDoneID, EmployeeID, ModuleID, WorkDoneDate, WorkDoneDescription, WorkDoneStatus) values (57, 38, 89, '2019-03-20', 'Replacement of Left Nipple with Nonautologous Tissue Substitute, Percutaneous Approach', 1);
insert into Work_Done (WorkDoneID, EmployeeID, ModuleID, WorkDoneDate, WorkDoneDescription, WorkDoneStatus) values (58, 18, 86, '2018-11-25', 'Inspection of Left Knee Joint, Percutaneous Endoscopic Approach', 1);
insert into Work_Done (WorkDoneID, EmployeeID, ModuleID, WorkDoneDate, WorkDoneDescription, WorkDoneStatus) values (59, 23, 94, '2019-08-04', 'Replacement of Right Middle Ear with Autologous Tissue Substitute, Open Approach', 0);
insert into Work_Done (WorkDoneID, EmployeeID, ModuleID, WorkDoneDate, WorkDoneDescription, WorkDoneStatus) values (60, 50, 93, '2018-10-26', 'Drainage of Left Elbow Bursa and Ligament with Drainage Device, Percutaneous Approach', 0);
insert into Work_Done (WorkDoneID, EmployeeID, ModuleID, WorkDoneDate, WorkDoneDescription, WorkDoneStatus) values (61, 24, 78, '2020-02-20', 'Dilation of Left Renal Artery with Four or More Drug-eluting Intraluminal Devices, Open Approach', 0);
insert into Work_Done (WorkDoneID, EmployeeID, ModuleID, WorkDoneDate, WorkDoneDescription, WorkDoneStatus) values (62, 42, 91, '2020-01-26', 'Insertion of Infusion Device into Right Upper Leg, Open Approach', 0);
insert into Work_Done (WorkDoneID, EmployeeID, ModuleID, WorkDoneDate, WorkDoneDescription, WorkDoneStatus) values (63, 21, 83, '2020-05-18', 'Removal of Autologous Tissue Substitute from Right Wrist Joint, Open Approach', 1);
insert into Work_Done (WorkDoneID, EmployeeID, ModuleID, WorkDoneDate, WorkDoneDescription, WorkDoneStatus) values (64, 12, 87, '2019-02-17', 'Removal of Brace on Right Lower Arm', 1);
insert into Work_Done (WorkDoneID, EmployeeID, ModuleID, WorkDoneDate, WorkDoneDescription, WorkDoneStatus) values (65, 27, 76, '2019-08-28', 'Restriction of Left Brachial Artery with Intraluminal Device, Percutaneous Endoscopic Approach', 1);
insert into Work_Done (WorkDoneID, EmployeeID, ModuleID, WorkDoneDate, WorkDoneDescription, WorkDoneStatus) values (66, 11, 76, '2019-02-27', 'Supplement Left Patella with Nonautologous Tissue Substitute, Open Approach', 0);
insert into Work_Done (WorkDoneID, EmployeeID, ModuleID, WorkDoneDate, WorkDoneDescription, WorkDoneStatus) values (67, 21, 97, '2018-11-25', 'Excision of Stomach, Open Approach, Vertical', 1);
insert into Work_Done (WorkDoneID, EmployeeID, ModuleID, WorkDoneDate, WorkDoneDescription, WorkDoneStatus) values (68, 14, 82, '2019-01-16', 'Division of Right Orbit, Percutaneous Endoscopic Approach', 0);
insert into Work_Done (WorkDoneID, EmployeeID, ModuleID, WorkDoneDate, WorkDoneDescription, WorkDoneStatus) values (69, 12, 98, '2020-03-28', 'Insertion of Intraluminal Device into Small Intestine, Via Natural or Artificial Opening', 1);
insert into Work_Done (WorkDoneID, EmployeeID, ModuleID, WorkDoneDate, WorkDoneDescription, WorkDoneStatus) values (70, 46, 93, '2020-03-26', 'Destruction of Left Hand Vein, Percutaneous Approach', 1);
insert into Work_Done (WorkDoneID, EmployeeID, ModuleID, WorkDoneDate, WorkDoneDescription, WorkDoneStatus) values (71, 44, 82, '2019-03-16', 'Resection of Middle Esophagus, Percutaneous Endoscopic Approach', 0);
insert into Work_Done (WorkDoneID, EmployeeID, ModuleID, WorkDoneDate, WorkDoneDescription, WorkDoneStatus) values (72, 20, 94, '2020-08-10', 'Planar Nuclear Medicine Imaging of Abdomen using Technetium 99m (Tc-99m)', 1);
insert into Work_Done (WorkDoneID, EmployeeID, ModuleID, WorkDoneDate, WorkDoneDescription, WorkDoneStatus) values (73, 49, 83, '2019-12-28', 'Drainage of Cerebral Ventricle, Open Approach, Diagnostic', 1);
insert into Work_Done (WorkDoneID, EmployeeID, ModuleID, WorkDoneDate, WorkDoneDescription, WorkDoneStatus) values (74, 11, 86, '2020-07-24', 'Bypass Right Vas Deferens to Right Epididymis, Percutaneous Endoscopic Approach', 1);
insert into Work_Done (WorkDoneID, EmployeeID, ModuleID, WorkDoneDate, WorkDoneDescription, WorkDoneStatus) values (75, 27, 92, '2019-12-30', 'Replacement of Nasal Bone with Autologous Tissue Substitute, Open Approach', 0);
insert into Work_Done (WorkDoneID, EmployeeID, ModuleID, WorkDoneDate, WorkDoneDescription, WorkDoneStatus) values (76, 28, 88, '2020-01-24', 'Bypass Right Foot Vein to Lower Vein with Autologous Tissue Substitute, Open Approach', 1);
insert into Work_Done (WorkDoneID, EmployeeID, ModuleID, WorkDoneDate, WorkDoneDescription, WorkDoneStatus) values (77, 22, 77, '2019-01-16', 'Supplement Right Thorax Tendon with Synthetic Substitute, Open Approach', 1);
insert into Work_Done (WorkDoneID, EmployeeID, ModuleID, WorkDoneDate, WorkDoneDescription, WorkDoneStatus) values (78, 36, 98, '2019-10-13', 'Insertion of Intraluminal Device into Left Axillary Vein, Percutaneous Endoscopic Approach', 0);
insert into Work_Done (WorkDoneID, EmployeeID, ModuleID, WorkDoneDate, WorkDoneDescription, WorkDoneStatus) values (79, 31, 83, '2019-08-24', 'Removal of Infusion Device from Endocrine Gland, External Approach', 1);
insert into Work_Done (WorkDoneID, EmployeeID, ModuleID, WorkDoneDate, WorkDoneDescription, WorkDoneStatus) values (80, 48, 96, '2019-12-04', 'Drainage of Left Wrist Joint with Drainage Device, Open Approach', 0);
insert into Work_Done (WorkDoneID, EmployeeID, ModuleID, WorkDoneDate, WorkDoneDescription, WorkDoneStatus) values (81, 20, 91, '2020-08-01', 'Dilation of Left External Carotid Artery, Bifurcation, with Four or More Intraluminal Devices, Percutaneous Approach', 0);
insert into Work_Done (WorkDoneID, EmployeeID, ModuleID, WorkDoneDate, WorkDoneDescription, WorkDoneStatus) values (82, 39, 100, '2019-03-05', 'Dilation of Aortic Valve, Open Approach', 0);
insert into Work_Done (WorkDoneID, EmployeeID, ModuleID, WorkDoneDate, WorkDoneDescription, WorkDoneStatus) values (83, 27, 93, '2019-02-17', 'Drainage of Cervicothoracic Vertebral Disc with Drainage Device, Open Approach', 1);
insert into Work_Done (WorkDoneID, EmployeeID, ModuleID, WorkDoneDate, WorkDoneDescription, WorkDoneStatus) values (84, 36, 83, '2019-05-14', 'Restriction of Lower Esophagus with Intraluminal Device, Open Approach', 0);
insert into Work_Done (WorkDoneID, EmployeeID, ModuleID, WorkDoneDate, WorkDoneDescription, WorkDoneStatus) values (85, 46, 86, '2020-01-26', 'Release Right Toe Phalanx, Percutaneous Endoscopic Approach', 0);
insert into Work_Done (WorkDoneID, EmployeeID, ModuleID, WorkDoneDate, WorkDoneDescription, WorkDoneStatus) values (86, 50, 74, '2018-11-04', 'Excision of Right External Jugular Vein, Percutaneous Endoscopic Approach, Diagnostic', 0);
insert into Work_Done (WorkDoneID, EmployeeID, ModuleID, WorkDoneDate, WorkDoneDescription, WorkDoneStatus) values (87, 16, 78, '2019-08-15', 'Drainage of Right Upper Leg Muscle, Percutaneous Endoscopic Approach, Diagnostic', 1);
insert into Work_Done (WorkDoneID, EmployeeID, ModuleID, WorkDoneDate, WorkDoneDescription, WorkDoneStatus) values (88, 31, 91, '2019-11-17', 'Drainage of Right Lung, Via Natural or Artificial Opening Endoscopic', 0);
insert into Work_Done (WorkDoneID, EmployeeID, ModuleID, WorkDoneDate, WorkDoneDescription, WorkDoneStatus) values (89, 32, 74, '2020-06-08', 'Dilation of Right Internal Carotid Artery with Three Intraluminal Devices, Percutaneous Approach', 0);
insert into Work_Done (WorkDoneID, EmployeeID, ModuleID, WorkDoneDate, WorkDoneDescription, WorkDoneStatus) values (90, 25, 75, '2019-10-03', 'Dilation of Celiac Artery with Three Intraluminal Devices, Open Approach', 0);
insert into Work_Done (WorkDoneID, EmployeeID, ModuleID, WorkDoneDate, WorkDoneDescription, WorkDoneStatus) values (91, 39, 77, '2020-06-09', 'Removal of External Fixation Device from Left Radius, Percutaneous Approach', 1);
insert into Work_Done (WorkDoneID, EmployeeID, ModuleID, WorkDoneDate, WorkDoneDescription, WorkDoneStatus) values (92, 34, 98, '2020-02-13', 'Removal of Infusion Device from Lumbar Vertebral Disc, Percutaneous Approach', 0);
insert into Work_Done (WorkDoneID, EmployeeID, ModuleID, WorkDoneDate, WorkDoneDescription, WorkDoneStatus) values (93, 45, 73, '2019-03-16', 'Dilation of Left Foot Artery, Bifurcation, with Four or More Intraluminal Devices, Percutaneous Approach', 1);
insert into Work_Done (WorkDoneID, EmployeeID, ModuleID, WorkDoneDate, WorkDoneDescription, WorkDoneStatus) values (94, 13, 83, '2019-10-08', 'Occlusion of Head Lymphatic with Extraluminal Device, Open Approach', 1);
insert into Work_Done (WorkDoneID, EmployeeID, ModuleID, WorkDoneDate, WorkDoneDescription, WorkDoneStatus) values (95, 19, 96, '2019-07-11', 'Drainage of Right Sphenoid Sinus, Open Approach, Diagnostic', 1);
insert into Work_Done (WorkDoneID, EmployeeID, ModuleID, WorkDoneDate, WorkDoneDescription, WorkDoneStatus) values (96, 36, 97, '2019-04-28', 'Motor Function Treatment of Integumentary System - Head and Neck using Orthosis', 1);
insert into Work_Done (WorkDoneID, EmployeeID, ModuleID, WorkDoneDate, WorkDoneDescription, WorkDoneStatus) values (97, 43, 88, '2018-12-20', 'Revision of Synthetic Substitute in Stomach, Percutaneous Endoscopic Approach', 1);
insert into Work_Done (WorkDoneID, EmployeeID, ModuleID, WorkDoneDate, WorkDoneDescription, WorkDoneStatus) values (98, 12, 88, '2019-05-01', 'Drainage of Right Radius, Percutaneous Endoscopic Approach, Diagnostic', 1);
insert into Work_Done (WorkDoneID, EmployeeID, ModuleID, WorkDoneDate, WorkDoneDescription, WorkDoneStatus) values (99, 21, 95, '2020-02-02', 'Removal of Drainage Device from Nose, External Approach', 1);
insert into Work_Done (WorkDoneID, EmployeeID, ModuleID, WorkDoneDate, WorkDoneDescription, WorkDoneStatus) values (100, 50, 94, '2019-10-11', 'Drainage of Esophagus with Drainage Device, Via Natural or Artificial Opening Endoscopic', 1);

UPDATE Work_Done SET WorkDoneDate = NULL WHERE WorkDoneStatus = 0;