insert into departments (id, `name`, `description`, created_at, updated_at) values (1, 'Admin', 'Other x-ray of spine', '2021-07-17', null);
insert into departments (id, `name`, `description`, created_at, updated_at) values (2, 'HR', 'Vaccination against tularemia', '2021-03-10', null);
insert into departments (id, `name`, `description`, created_at, updated_at) values (3, 'IT', 'Allogeneic hematopoietic stem cell transpant without purging', '2020-12-23', null);
insert into departments (id, `name`, `description`, created_at, updated_at) values (4, 'Delivery', 'Replacement of any type pacemaker device with dual-chamber device', '2021-01-03', null);

insert into users (id, first_name, last_name, email, phone, employee_id, avatar, department_id, gender, age, created_at, updated_at) values (1, 'Sidonia', 'Peter', 'speter0@wired.com', '515-845-3889', '2476318698', 'Periph focal choroiditis', 4, 1, 33, '2019-02-03', null);
insert into users (id, first_name, last_name, email, phone, employee_id, avatar, department_id, gender, age, created_at, updated_at) values (2, 'Raynor', 'Grason', 'rgrason1@xinhuanet.com', '686-762-3471', '2181292817', null, 2, 1, 41, '2018-08-11', null);
insert into users (id, first_name, last_name, email, phone, employee_id, avatar, department_id, gender, age, created_at, updated_at) values (3, 'Danila', 'Walklett', 'dwalklett2@imageshack.us', '487-251-6777', '3835960792', 'Autoimmune hepatitis', 3, 2, 24, '2019-06-19', null);
insert into users (id, first_name, last_name, email, phone, employee_id, avatar, department_id, gender, age, created_at, updated_at) values (4, 'Melamie', 'Germon', 'mgermon3@wix.com', '557-215-0001', '6093384403', 'Abo incompat reactn NEC', 1, 1, 23, '2019-03-01', '2020-10-08');
insert into users (id, first_name, last_name, email, phone, employee_id, avatar, department_id, gender, age, created_at, updated_at) values (5, 'Van', 'Chainey', 'vchainey4@wikipedia.org', '909-515-1398', '7147785142', 'Drug depend NOS-contin', 3, 2, 58, '2020-11-05', null);
insert into users (id, first_name, last_name, email, phone, employee_id, avatar, department_id, gender, age, created_at, updated_at) values (6, 'Ebeneser', 'Peyzer', 'epeyzer5@studiopress.com', '817-688-1359', '9033927780', null, 3, 2, 23, '2020-06-16', null);
insert into users (id, first_name, last_name, email, phone, employee_id, avatar, department_id, gender, age, created_at, updated_at) values (7, 'Annice', 'Bountiff', 'abountiff6@jiathis.com', '112-310-2099', '4376029696', 'Disloc radiocarpal-open', 2, 2, 32, '2021-01-25', null);
insert into users (id, first_name, last_name, email, phone, employee_id, avatar, department_id, gender, age, created_at, updated_at) values (8, 'Carry', 'Newns', 'cnewns7@msu.edu', '284-782-4038', '3857234318', 'Mucopurul chr bronchitis', 2, 1, 27, '2020-03-07', null);
insert into users (id, first_name, last_name, email, phone, employee_id, avatar, department_id, gender, age, created_at, updated_at) values (9, 'Adel', 'Tonry', 'atonry8@boston.com', '459-326-6395', '0423506323', null, 4, 2, 23, '2019-07-23', null);
insert into users (id, first_name, last_name, email, phone, employee_id, avatar, department_id, gender, age, created_at, updated_at) values (10, 'Egor', 'Disney', 'edisney9@jigsy.com', '700-380-5745', '7548953143', 'Complete les cord/t1-t6', 4, 1, 38, '2019-09-01', '2020-10-24');
insert into users (id, first_name, last_name, email, phone, employee_id, avatar, department_id, gender, age, created_at, updated_at) values (11, 'Shea', 'Ulyat', 'sulyata@blog.com', '411-955-1248', '2019212226', 'Anterior scleritis', 2, 1, 60, '2018-09-20', null);
insert into users (id, first_name, last_name, email, phone, employee_id, avatar, department_id, gender, age, created_at, updated_at) values (12, 'Pall', 'Tother', 'ptotherb@usgs.gov', '872-566-0844', '7930445097', null, 2, 1, 26, '2019-02-05', null);
insert into users (id, first_name, last_name, email, phone, employee_id, avatar, department_id, gender, age, created_at, updated_at) values (13, 'Otes', 'McMillan', 'omcmillanc@prnewswire.com', '405-539-4579', '4378256959', 'Gen osteoarthros-hand', 3, 2, 52, '2018-11-03', null);
insert into users (id, first_name, last_name, email, phone, employee_id, avatar, department_id, gender, age, created_at, updated_at) values (14, 'Yoshi', 'Chesshyre', 'ychesshyred@unc.edu', '350-913-0270', '3180004568', 'Vaccin for rabies', 2, 2, 52, '2020-03-12', null);
insert into users (id, first_name, last_name, email, phone, employee_id, avatar, department_id, gender, age, created_at, updated_at) values (15, 'Victor', 'Del Checolo', 'vdelchecoloe@craigslist.org', '199-732-7000', '2897215143', 'TB of organ NEC-oth test', 3, 2, 30, '2020-10-07', null);

insert into user_department (id, user_id, department_id, start_date, end_date, created_at, updated_at) values (1, 1, 4, '2020-11-06', null, '2020-03-18', null);
insert into user_department (id, user_id, department_id, start_date, end_date, created_at, updated_at) values (2, 2, 2, '2021-08-15', null, '2018-10-07', null);
insert into user_department (id, user_id, department_id, start_date, end_date, created_at, updated_at) values (3, 3, 3, '2020-11-13', null, '2019-09-10', null);
insert into user_department (id, user_id, department_id, start_date, end_date, created_at, updated_at) values (4, 4, 1, '2020-10-03', null, '2018-07-20', null);
insert into user_department (id, user_id, department_id, start_date, end_date, created_at, updated_at) values (5, 5, 3, '2021-09-15', null, '2020-10-17', null);
insert into user_department (id, user_id, department_id, start_date, end_date, created_at, updated_at) values (6, 6, 3, '2020-12-03', null, '2018-10-27', null);
insert into user_department (id, user_id, department_id, start_date, end_date, created_at, updated_at) values (7, 7, 2, '2020-09-17', null, '2019-06-12', null);
insert into user_department (id, user_id, department_id, start_date, end_date, created_at, updated_at) values (8, 8, 2, '2021-09-18', null, '2018-05-25', null);
insert into user_department (id, user_id, department_id, start_date, end_date, created_at, updated_at) values (9, 9, 4, '2021-08-03', null, '2020-01-26', null);
insert into user_department (id, user_id, department_id, start_date, end_date, created_at, updated_at) values (10, 10, 4, '2021-06-01', null, '2020-04-04', null);
insert into user_department (id, user_id, department_id, start_date, end_date, created_at, updated_at) values (11, 11, 2, '2021-06-15', null, '2021-03-23', null);
insert into user_department (id, user_id, department_id, start_date, end_date, created_at, updated_at) values (12, 12, 2, '2021-07-05', null, '2020-03-18', null);
insert into user_department (id, user_id, department_id, start_date, end_date, created_at, updated_at) values (13, 13, 3, '2021-06-16', null, '2019-09-10', null);
insert into user_department (id, user_id, department_id, start_date, end_date, created_at, updated_at) values (14, 14, 2, '2021-08-30', null, '2018-06-24', null);
insert into user_department (id, user_id, department_id, start_date, end_date, created_at, updated_at) values (15, 15, 3, '2021-03-16', null, '2018-09-11', null);

insert into roles (id, `name`, created_at, updated_at) values (1, 'Giam doc', '2021-02-01', null);
insert into roles (id, `name`, created_at, updated_at) values (2, 'Truong phong', '2018-09-10', null);
insert into roles (id, `name`, created_at, updated_at) values (3, 'Pho phong', '2021-03-04', null);
insert into roles (id, `name`, created_at, updated_at) values (4, 'Nhan vien', '2018-10-25', null);
insert into roles (id, `name`, created_at, updated_at) values (5, 'CTV', '2019-07-11', null);

insert into user_role (id, user_department_id, role_id, start_date, end_date, created_at, updated_at) values (1, 1, 5, '2020-05-16', null, '2020-05-16', null);
insert into user_role (id, user_department_id, role_id, start_date, end_date, created_at, updated_at) values (2, 2, 5, '2019-12-19', null, '2020-12-19', null);
insert into user_role (id, user_department_id, role_id, start_date, end_date, created_at, updated_at) values (3, 3, 5, '2019-11-15', null, '2020-11-15', null);
insert into user_role (id, user_department_id, role_id, start_date, end_date, created_at, updated_at) values (4, 4, 5, '2019-11-10', null, '2021-11-10', null);
insert into user_role (id, user_department_id, role_id, start_date, end_date, created_at, updated_at) values (5, 5, 5, '2019-08-22', null, '2021-08-22', null);
insert into user_role (id, user_department_id, role_id, start_date, end_date, created_at, updated_at) values (6, 6, 5, '2019-04-18', null, '2021-04-18', null);
insert into user_role (id, user_department_id, role_id, start_date, end_date, created_at, updated_at) values (7, 7, 3, '2019-04-07', null, '2021-04-07', null);
insert into user_role (id, user_department_id, role_id, start_date, end_date, created_at, updated_at) values (8, 8, 3, '2019-02-21', null, '2021-02-21', null);
insert into user_role (id, user_department_id, role_id, start_date, end_date, created_at, updated_at) values (9, 9, 3, '2019-10-02', null, '2021-10-02', null);
insert into user_role (id, user_department_id, role_id, start_date, end_date, created_at, updated_at) values (10, 10, 2, '2019-08-30', null, '2021-08-30', null);
insert into user_role (id, user_department_id, role_id, start_date, end_date, created_at, updated_at) values (11, 11, 2, '2019-07-20', null, '2021-07-20', null);
insert into user_role (id, user_department_id, role_id, start_date, end_date, created_at, updated_at) values (12, 12, 2, '2019-12-14', '2021-06-21', '2020-12-14', '2021-04-26');
insert into user_role (id, user_department_id, role_id, start_date, end_date, created_at, updated_at) values (13, 13, 2, '2019-02-19', null, '2021-7-19', null);
insert into user_role (id, user_department_id, role_id, start_date, end_date, created_at, updated_at) values (14, 14, 2, '2019-02-16', null, '2021-09-16', null);
insert into user_role (id, user_department_id, role_id, start_date, end_date, created_at, updated_at) values (15, 15, 1, '2019-09-18', '2020-10-02', '2021-09-18', '2021-10-19');
insert into user_role (id, user_department_id, role_id, start_date, end_date, created_at, updated_at) values (16, 1, 4, '2020-05-02', '2020-05-15', '2020-05-02', '2020-05-15');
insert into user_role (id, user_department_id, role_id, start_date, end_date, created_at, updated_at) values (17, 2, 4, '2017-10-08', null, '2017-10-08', null);
insert into user_role (id, user_department_id, role_id, start_date, end_date, created_at, updated_at) values (18, 3, 4, '2017-10-16', null, '2017-10-16', null);
insert into user_role (id, user_department_id, role_id, start_date, end_date, created_at, updated_at) values (19, 4, 4, '2017-07-16', null, '2017-07-16', null);
insert into user_role (id, user_department_id, role_id, start_date, end_date, created_at, updated_at) values (20, 5, 4, '2017-10-10', null, '2017-10-10', null);
insert into user_role (id, user_department_id, role_id, start_date, end_date, created_at, updated_at) values (21, 6, 4, '2017-12-05', null, '2017-12-05', null);

-- check điều kiện 15 user, có 5 user thuộc 2 phòng ban khác nhau, 3 user có 2 role trong 1 phòng.
SELECT u.id, r.`name`, d.`name`
FROM users u
JOIN user_department ud
ON u.id = ud.user_id
JOIN departments d
ON ud.department_id = d.id
JOIN user_role ur
ON ur.user_department_id = ud.id
JOIN roles r
ON ur.role_id = r.id;

insert into salary_detail_type (id, `name`, created_at, updated_at) values (1, 'Luong CB', '2021-01-17', '2020-12-05');
insert into salary_detail_type (id, `name`, created_at, updated_at) values (2, 'Phu cap', '2020-12-20', null);
insert into salary_detail_type (id, `name`, created_at, updated_at) values (3, 'Thuong', '2020-06-03', null);
insert into salary_detail_type (id, `name`, created_at, updated_at) values (4, 'Thue TNCN', '2018-12-24', null);
insert into salary_detail_type (id, `name`, created_at, updated_at) values (5, 'BHXH', '2020-08-12', null);

insert into salary (id, user_role_id, total_salary, `month`, `year`, created_at) values (1, 1, '2806.41', '5', '2020', '2020-04-30');
insert into salary (id, user_role_id, total_salary, `month`, `year`, created_at) values (2, 2, '3025.97', '5', '2020', '2020-04-30');
insert into salary (id, user_role_id, total_salary, `month`, `year`, created_at) values (3, 3, '2148.71', '5', '2020', '2020-04-30');
insert into salary (id, user_role_id, total_salary, `month`, `year`, created_at) values (4, 4, '2059.95', '5', '2020', '2020-04-30');
insert into salary (id, user_role_id, total_salary, `month`, `year`, created_at) values (5, 5, '2702.04', '5', '2020', '2020-04-30');
insert into salary (id, user_role_id, total_salary, `month`, `year`, created_at) values (6, 6, '2453.31', '5', '2020', '2020-04-30');
insert into salary (id, user_role_id, total_salary, `month`, `year`, created_at) values (7, 7, '3772.32', '5', '2020', '2020-04-30');
insert into salary (id, user_role_id, total_salary, `month`, `year`, created_at) values (8, 8, '3743.96', '5', '2020', '2020-04-30');
insert into salary (id, user_role_id, total_salary, `month`, `year`, created_at) values (9, 9, '3475.43', '5', '2020', '2020-04-30');
insert into salary (id, user_role_id, total_salary, `month`, `year`, created_at) values (10, 10, '2343.41', '5', '2020', '2020-04-30');
insert into salary (id, user_role_id, total_salary, `month`, `year`, created_at) values (11, 11, '2056.43', '5', '2020', '2020-04-30');
insert into salary (id, user_role_id, total_salary, `month`, `year`, created_at) values (12, 12, '2982.43', '5', '2020', '2020-04-30');
insert into salary (id, user_role_id, total_salary, `month`, `year`, created_at) values (13, 13, '3459.59', '5', '2020', '2020-04-30');
insert into salary (id, user_role_id, total_salary, `month`, `year`, created_at) values (14, 14, '3403.79', '5', '2020', '2020-04-30');
insert into salary (id, user_role_id, total_salary, `month`, `year`, created_at) values (15, 15, '2251.48', '5', '2020', '2020-04-30');
insert into salary (id, user_role_id, total_salary, `month`, `year`, created_at) values (16, 16, '3182.72', '5', '2020', '2020-04-30');
insert into salary (id, user_role_id, total_salary, `month`, `year`, created_at) values (17, 1, '3854.07', '6', '2020', '2020-05-30');
insert into salary (id, user_role_id, total_salary, `month`, `year`, created_at) values (18, 2, '3257.58', '6', '2020', '2020-05-30');
insert into salary (id, user_role_id, total_salary, `month`, `year`, created_at) values (19, 3, '2802.61', '6', '2020', '2020-05-30');
insert into salary (id, user_role_id, total_salary, `month`, `year`, created_at) values (20, 4, '2098.32', '6', '2020', '2020-05-30');
insert into salary (id, user_role_id, total_salary, `month`, `year`, created_at) values (21, 5, '2819.57', '6', '2020', '2020-05-30');
insert into salary (id, user_role_id, total_salary, `month`, `year`, created_at) values (22, 6, '3502.31', '6', '2020', '2020-05-30');
insert into salary (id, user_role_id, total_salary, `month`, `year`, created_at) values (23, 7, '3137.13', '6', '2020', '2020-05-30');
insert into salary (id, user_role_id, total_salary, `month`, `year`, created_at) values (24, 8, '2119.10', '6', '2020', '2020-05-30');
insert into salary (id, user_role_id, total_salary, `month`, `year`, created_at) values (25, 9, '3644.50', '6', '2020', '2020-05-30');
insert into salary (id, user_role_id, total_salary, `month`, `year`, created_at) values (26, 10, '3042.78', '6', '2020', '2020-05-30');
insert into salary (id, user_role_id, total_salary, `month`, `year`, created_at) values (27, 11, '3997.33', '6', '2020', '2020-05-30');
insert into salary (id, user_role_id, total_salary, `month`, `year`, created_at) values (28, 12, '3303.68', '6', '2020', '2020-05-30');
insert into salary (id, user_role_id, total_salary, `month`, `year`, created_at) values (29, 13, '2352.63', '6', '2020', '2020-05-30');
insert into salary (id, user_role_id, total_salary, `month`, `year`, created_at) values (30, 14, '3990.18', '6', '2020', '2020-05-30');
insert into salary (id, user_role_id, total_salary, `month`, `year`, created_at) values (31, 15, '2989.05', '6', '2020', '2020-05-30');
insert into salary (id, user_role_id, total_salary, `month`, `year`, created_at) values (32, 1, '3632.87', '7', '2020', '2020-06-30');
insert into salary (id, user_role_id, total_salary, `month`, `year`, created_at) values (33, 2, '2031.46', '7', '2020', '2020-06-30');
insert into salary (id, user_role_id, total_salary, `month`, `year`, created_at) values (34, 3, '3968.96', '7', '2020', '2020-06-30');
insert into salary (id, user_role_id, total_salary, `month`, `year`, created_at) values (35, 4, '2971.72', '7', '2020', '2020-06-30');
insert into salary (id, user_role_id, total_salary, `month`, `year`, created_at) values (36, 5, '2791.63', '7', '2020', '2020-06-30');
insert into salary (id, user_role_id, total_salary, `month`, `year`, created_at) values (37, 6, '2841.86', '7', '2020', '2020-06-30');
insert into salary (id, user_role_id, total_salary, `month`, `year`, created_at) values (38, 7, '3175.08', '7', '2020', '2020-06-30');
insert into salary (id, user_role_id, total_salary, `month`, `year`, created_at) values (39, 8, '2596.82', '7', '2020', '2020-06-30');
insert into salary (id, user_role_id, total_salary, `month`, `year`, created_at) values (40, 9, '3723.06', '7', '2020', '2020-06-30');
insert into salary (id, user_role_id, total_salary, `month`, `year`, created_at) values (41, 10, '2896.12', '7', '2020', '2020-06-30');
insert into salary (id, user_role_id, total_salary, `month`, `year`, created_at) values (42, 11, '2305.52', '7', '2020', '2020-06-30');
insert into salary (id, user_role_id, total_salary, `month`, `year`, created_at) values (43, 12, '2296.47', '7', '2020', '2020-06-30');
insert into salary (id, user_role_id, total_salary, `month`, `year`, created_at) values (44, 13, '3969.64', '7', '2020', '2020-06-30');
insert into salary (id, user_role_id, total_salary, `month`, `year`, created_at) values (45, 14, '2292.33', '7', '2020', '2020-06-30');
insert into salary (id, user_role_id, total_salary, `month`, `year`, created_at) values (46, 15, '3171.51', '7', '2020', '2020-06-30');

insert into salary_detail (id, amount, salary_id, salary_detail_type_id) values (1, '1120.19', 1, 4);
insert into salary_detail (id, amount, salary_id, salary_detail_type_id) values (2, '1960.27', 2, 1);
insert into salary_detail (id, amount, salary_id, salary_detail_type_id) values (3, '1137.92', 3, 4);
insert into salary_detail (id, amount, salary_id, salary_detail_type_id) values (4, '1585.46', 4, 3);
insert into salary_detail (id, amount, salary_id, salary_detail_type_id) values (5, '1177.00', 5, 1);
insert into salary_detail (id, amount, salary_id, salary_detail_type_id) values (6, '110.47', 6, 2);
insert into salary_detail (id, amount, salary_id, salary_detail_type_id) values (7, '508.60', 7, 1);
insert into salary_detail (id, amount, salary_id, salary_detail_type_id) values (8, '1304.62', 8, 5);
insert into salary_detail (id, amount, salary_id, salary_detail_type_id) values (9, '1957.08', 9, 2);
insert into salary_detail (id, amount, salary_id, salary_detail_type_id) values (10, '882.79', 10, 2);
insert into salary_detail (id, amount, salary_id, salary_detail_type_id) values (11, '812.18', 11, 4);
insert into salary_detail (id, amount, salary_id, salary_detail_type_id) values (12, '295.06', 12, 4);
insert into salary_detail (id, amount, salary_id, salary_detail_type_id) values (13, '1452.87', 13, 3);
insert into salary_detail (id, amount, salary_id, salary_detail_type_id) values (14, '1427.54', 14, 3);
insert into salary_detail (id, amount, salary_id, salary_detail_type_id) values (15, '1513.05', 15, 1);
insert into salary_detail (id, amount, salary_id, salary_detail_type_id) values (16, '598.59', 16, 4);
insert into salary_detail (id, amount, salary_id, salary_detail_type_id) values (17, '1573.40', 17, 5);
insert into salary_detail (id, amount, salary_id, salary_detail_type_id) values (18, '1873.66', 18, 5);
insert into salary_detail (id, amount, salary_id, salary_detail_type_id) values (19, '1242.67', 19, 4);
insert into salary_detail (id, amount, salary_id, salary_detail_type_id) values (20, '1713.88', 20, 4);
insert into salary_detail (id, amount, salary_id, salary_detail_type_id) values (21, '554.43', 21, 5);
insert into salary_detail (id, amount, salary_id, salary_detail_type_id) values (22, '147.03', 22, 4);
insert into salary_detail (id, amount, salary_id, salary_detail_type_id) values (23, '1783.61', 23, 5);
insert into salary_detail (id, amount, salary_id, salary_detail_type_id) values (24, '1907.96', 24, 3);
insert into salary_detail (id, amount, salary_id, salary_detail_type_id) values (25, '1156.39', 25, 5);
insert into salary_detail (id, amount, salary_id, salary_detail_type_id) values (26, '1708.77', 26, 4);
insert into salary_detail (id, amount, salary_id, salary_detail_type_id) values (27, '1906.81', 27, 1);
insert into salary_detail (id, amount, salary_id, salary_detail_type_id) values (28, '1630.63', 28, 5);
insert into salary_detail (id, amount, salary_id, salary_detail_type_id) values (29, '198.66', 29, 2);
insert into salary_detail (id, amount, salary_id, salary_detail_type_id) values (30, '1080.91', 30, 2);
insert into salary_detail (id, amount, salary_id, salary_detail_type_id) values (31, '762.73', 31, 1);
insert into salary_detail (id, amount, salary_id, salary_detail_type_id) values (32, '1109.36', 32, 3);
insert into salary_detail (id, amount, salary_id, salary_detail_type_id) values (33, '1831.23', 33, 3);
insert into salary_detail (id, amount, salary_id, salary_detail_type_id) values (34, '1170.50', 34, 1);
insert into salary_detail (id, amount, salary_id, salary_detail_type_id) values (35, '1361.53', 35, 2);
insert into salary_detail (id, amount, salary_id, salary_detail_type_id) values (36, '997.85', 36, 2);
insert into salary_detail (id, amount, salary_id, salary_detail_type_id) values (37, '1288.60', 37, 1);
insert into salary_detail (id, amount, salary_id, salary_detail_type_id) values (38, '785.46', 38, 4);
insert into salary_detail (id, amount, salary_id, salary_detail_type_id) values (39, '451.82', 39, 4);
insert into salary_detail (id, amount, salary_id, salary_detail_type_id) values (40, '1516.43', 40, 3);
insert into salary_detail (id, amount, salary_id, salary_detail_type_id) values (41, '1658.08', 41, 3);
insert into salary_detail (id, amount, salary_id, salary_detail_type_id) values (42, '1305.78', 42, 2);
insert into salary_detail (id, amount, salary_id, salary_detail_type_id) values (43, '1726.25', 43, 4);
insert into salary_detail (id, amount, salary_id, salary_detail_type_id) values (44, '1988.59', 44, 3);
insert into salary_detail (id, amount, salary_id, salary_detail_type_id) values (45, '968.63', 45, 2);
insert into salary_detail (id, amount, salary_id, salary_detail_type_id) values (46, '913.87', 1, 5);
insert into salary_detail (id, amount, salary_id, salary_detail_type_id) values (47, '313.04', 2, 2);
insert into salary_detail (id, amount, salary_id, salary_detail_type_id) values (48, '1309.03', 5, 2);
insert into salary_detail (id, amount, salary_id, salary_detail_type_id) values (49, '1751.51', 7, 2);
insert into salary_detail (id, amount, salary_id, salary_detail_type_id) values (50, '320.52', 15, 2);
insert into salary_detail (id, amount, salary_id, salary_detail_type_id) values (51, '1291.63', 27, 2);
insert into salary_detail (id, amount, salary_id, salary_detail_type_id) values (52, '1925.26', 31, 2);
insert into salary_detail (id, amount, salary_id, salary_detail_type_id) values (53, '1412.04', 34, 2);

insert into salary_detail (id, amount, salary_id, salary_detail_type_id) values (54, '1391.96', 6, 1);
insert into salary_detail (id, amount, salary_id, salary_detail_type_id) values (55, '862.50', 9, 1);
insert into salary_detail (id, amount, salary_id, salary_detail_type_id) values (56, '688.91', 10, 1);
insert into salary_detail (id, amount, salary_id, salary_detail_type_id) values (57, '208.08', 29, 1);
insert into salary_detail (id, amount, salary_id, salary_detail_type_id) values (58, '1451.48', 30, 1);
insert into salary_detail (id, amount, salary_id, salary_detail_type_id) values (59, '1705.55', 36, 1);
insert into salary_detail (id, amount, salary_id, salary_detail_type_id) values (60, '699.19', 42, 1);
insert into salary_detail (id, amount, salary_id, salary_detail_type_id) values (61, '1847.05', 45, 1);

insert into salary_detail (id, amount, salary_id, salary_detail_type_id) values (62, '1485.48', 4, 1);
insert into salary_detail (id, amount, salary_id, salary_detail_type_id) values (63, '1102.40', 13, 1);
insert into salary_detail (id, amount, salary_id, salary_detail_type_id) values (64, '613.38', 24, 1);
insert into salary_detail (id, amount, salary_id, salary_detail_type_id) values (65, '188.60', 32, 1);
insert into salary_detail (id, amount, salary_id, salary_detail_type_id) values (66, '1046.24', 33, 1);
insert into salary_detail (id, amount, salary_id, salary_detail_type_id) values (67, '1346.44', 40, 1);
insert into salary_detail (id, amount, salary_id, salary_detail_type_id) values (68, '1349.79', 41, 1);
insert into salary_detail (id, amount, salary_id, salary_detail_type_id) values (69, '1863.38', 44, 1);
insert into salary_detail (id, amount, salary_id, salary_detail_type_id) values (70, '227.13', 1, 1);
insert into salary_detail (id, amount, salary_id, salary_detail_type_id) values (71, '1666.61', 3, 1);
insert into salary_detail (id, amount, salary_id, salary_detail_type_id) values (72, '949.45', 4, 1);
insert into salary_detail (id, amount, salary_id, salary_detail_type_id) values (73, '596.39', 11, 1);
insert into salary_detail (id, amount, salary_id, salary_detail_type_id) values (74, '1031.20', 12, 1);
insert into salary_detail (id, amount, salary_id, salary_detail_type_id) values (75, '1226.54', 16, 1);
insert into salary_detail (id, amount, salary_id, salary_detail_type_id) values (76, '1768.69', 19, 1);
insert into salary_detail (id, amount, salary_id, salary_detail_type_id) values (77, '1143.47', 20, 1);
insert into salary_detail (id, amount, salary_id, salary_detail_type_id) values (78, '1225.91', 22, 1);
insert into salary_detail (id, amount, salary_id, salary_detail_type_id) values (79, '1755.39', 26, 1);
insert into salary_detail (id, amount, salary_id, salary_detail_type_id) values (80, '1090.56', 38, 1);
insert into salary_detail (id, amount, salary_id, salary_detail_type_id) values (81, '989.97', 39, 1);
insert into salary_detail (id, amount, salary_id, salary_detail_type_id) values (82, '1751.73', 43, 1);
insert into salary_detail (id, amount, salary_id, salary_detail_type_id) values (83, '1813.76', 8, 1);
insert into salary_detail (id, amount, salary_id, salary_detail_type_id) values (84, '1715.04', 17, 1);
insert into salary_detail (id, amount, salary_id, salary_detail_type_id) values (85, '1674.46', 18, 1);
insert into salary_detail (id, amount, salary_id, salary_detail_type_id) values (86, '451.05', 21, 1);
insert into salary_detail (id, amount, salary_id, salary_detail_type_id) values (87, '1886.01', 23, 1);
insert into salary_detail (id, amount, salary_id, salary_detail_type_id) values (88, '1114.80', 25, 1);
insert into salary_detail (id, amount, salary_id, salary_detail_type_id) values (89, '415.30', 28, 1);
insert into salary_detail (id, amount, salary_id, salary_detail_type_id) values (91, '1337.28', 10, 5);
insert into salary_detail (id, amount, salary_id, salary_detail_type_id) values (90, '1561.93', 1, 2);
insert into salary_detail (id, amount, salary_id, salary_detail_type_id) values (92, '1940.01', 2, 4);
insert into salary_detail (id, amount, salary_id, salary_detail_type_id) values (93, '1291.81', 2, 1);
insert into salary_detail (id, amount, salary_id, salary_detail_type_id) values (94, '1244.52', 3, 2);
insert into salary_detail (id, amount, salary_id, salary_detail_type_id) values (95, '993.17', 4, 2);
insert into salary_detail (id, amount, salary_id, salary_detail_type_id) values (96, '1110.80', 5, 5);
insert into salary_detail (id, amount, salary_id, salary_detail_type_id) values (97, '568.09', 6, 5);
insert into salary_detail (id, amount, salary_id, salary_detail_type_id) values (98, '890.59', 7, 4);
insert into salary_detail (id, amount, salary_id, salary_detail_type_id) values (99, '1449.70', 8, 2);
insert into salary_detail (id, amount, salary_id, salary_detail_type_id) values (100, '1189.57', 9, 4);

update salary_detail set operation = 1 where salary_detail_type_id in (1, 2, 3);
update salary_detail set operation = 2 where salary_detail_type_id in (4, 5);
update salary_detail set amount = 100 where salary_detail_type_id = 4;
update salary_detail set amount = 50 where salary_detail_type_id = 5;